"pdb_id","wt_mpnn_score","rank","mpnn_score_from_name","ca_rmsd_excluding_chromophore","ca_tm_score_approx_excluding_chromophore","common_ca_len","target_ca_len","design_ca_len","excluded_design_positions","design_ca_len_after_exclusion","length_match_after_exclusion","target_chain","design_chain","warning","design_file","target_file","atom_plddt_mean","pae_mean","confidence_json","score_from_conf_name","confidence_matched"
"4EUL","0.8960","rank01","0.5902","0.30442169948516784","0.997048410377114","226","226","229","63 64 65","226","True","A","A","","results/example_models/4EUL_rank01_score0.5902_model.pdb","data/raw/4EUL.pdb","95.63178004535148","2.0377033237352453","outputs/af3_stage2/4eul_rank01_score0.5902/4eul_rank01_score0.5902_confidences.json","0.5902","1"
"4EUL","0.8960","rank02","0.5915","0.3036285847821303","0.9970683057749867","226","226","229","63 64 65","226","True","A","A","","results/example_models/4EUL_rank02_score0.5915_model.pdb","data/raw/4EUL.pdb","95.52682762492981","2.049991418927938","outputs/af3_stage2/4eul_rank02_score0.5915/4eul_rank02_score0.5915_confidences.json","0.5915","1"
"4EUL","0.8960","rank03","0.6000","0.3235411685427249","0.9966764060851617","226","226","229","63 64 65","226","True","A","A","","results/example_models/4EUL_rank03_score0.6000_model.pdb","data/raw/4EUL.pdb","94.57694274596999","2.1196029823992677","outputs/af3_stage2/4eul_rank03_score0.6000/4eul_rank03_score0.6000_confidences.json","0.6000","1"
"4EUL","0.8960","rank04","0.6005","0.33312187506598867","0.9964899761812107","226","226","229","63 64 65","226","True","A","A","","results/example_models/4EUL_rank04_score0.6005_model.pdb","data/raw/4EUL.pdb","95.01613303269447","2.116994336492439","outputs/af3_stage2/4eul_rank04_score0.6005/4eul_rank04_score0.6005_confidences.json","0.6005","1"
"4EUL","0.8960","rank05","0.6056","0.3042723397811551","0.9970503688107563","226","226","229","63 64 65","226","True","A","A","","results/example_models/4EUL_rank05_score0.6056_model.pdb","data/raw/4EUL.pdb","95.60350196739742","1.9866497587765297","outputs/af3_stage2/4eul_rank05_score0.6056/4eul_rank05_score0.6056_confidences.json","0.6056","1"
"4EUL","0.8960","rank06","0.6123","0.30714167727635905","0.9970650280113477","226","226","229","63 64 65","226","True","A","A","","results/example_models/4EUL_rank06_score0.6123_model.pdb","data/raw/4EUL.pdb","94.83715239154617","2.1694437558398962","outputs/af3_stage2/4eul_rank06_score0.6123/4eul_rank06_score0.6123_confidences.json","0.6123","1"
"4EUL","0.8960","rank07","0.6176","0.32416100076404997","0.9966778487676419","226","226","229","63 64 65","226","True","A","A","","results/example_models/4EUL_rank07_score0.6176_model.pdb","data/raw/4EUL.pdb","95.4835033632287","1.9733700730344577","outputs/af3_stage2/4eul_rank07_score0.6176/4eul_rank07_score0.6176_confidences.json","0.6176","1"
"4EUL","0.8960","rank08","0.6208","0.32330334649216963","0.9966923554028447","226","226","229","63 64 65","226","True","A","A","","results/example_models/4EUL_rank08_score0.6208_model.pdb","data/raw/4EUL.pdb","94.95102693602692","2.1739516790297664","outputs/af3_stage2/4eul_rank08_score0.6208/4eul_rank08_score0.6208_confidences.json","0.6208","1"
"4EUL","0.8960","rank09","0.6225","0.3164041479986604","0.9968139127040115","226","226","229","63 64 65","226","True","A","A","","results/example_models/4EUL_rank09_score0.6225_model.pdb","data/raw/4EUL.pdb","95.62161326587972","1.9786674548540264","outputs/af3_stage2/4eul_rank09_score0.6225/4eul_rank09_score0.6225_confidences.json","0.6225","1"
"4EUL","0.8960","rank10","0.6226","0.32922183859573395","0.9965552661477717","226","226","229","63 64 65","226","True","A","A","","results/example_models/4EUL_rank10_score0.6226_model.pdb","data/raw/4EUL.pdb","95.47390746934225","2.0673728571156156","outputs/af3_stage2/4eul_rank10_score0.6226/4eul_rank10_score0.6226_confidences.json","0.6226","1"
